"document","comment_id","type","start","end"
"NDY-003","5","positive feedback","0","18"
"NDY-003","41","positive feedback","17","58"
"NDY-003","71","affection declaration","0","17"
"NDY-003","76","affection declaration","24","59"
"NDY-003","76","group membership","60","86"
"NDY-003","76","positive feedback","135","173"
"NDY-003","76","affection declaration","176","204"
"NDY-003","76","positive feedback","209","248"
"NDY-003","76","positive feedback","251","286"
"NDY-003","76","affection declaration","342","353"
"NDY-003","84","positive feedback","58","79"
"NDY-003","87","positive feedback","0","7"
"NDY-003","97","encouragement","0","67"
"NDY-003","117","compliment","74","86"
"NDY-003","145","compliment","0","18"
"NDY-003","145","positive feedback","194","267"
"NDY-003","166","affection declaration","0","15"
"NDY-003","218","positive feedback","12","57"
"NDY-003","218","positive feedback","58","86"
"NDY-003","252","affection declaration","0","37"
"NDY-003","267","compliment","0","40"
"NDY-003","267","positive feedback","43","63"
"NDY-003","280","positive feedback","0","13"
"NDY-003","309","compliment","14","50"
"NDY-003","345","affection declaration","0","13"
"NDY-003","345","positive feedback","16","91"
"NDY-003","345","encouragement","92","101"
"NDY-003","362","positive feedback","0","8"
"NDY-003","362","compliment","9","27"
"NDY-003","375","positive feedback","0","21"
"NDY-003","375","compliment","22","31"
"NDY-003","378","positive feedback","0","18"
"NDY-003","397","positive feedback","0","32"
"NDY-003","397","compliment","33","61"
"NDY-003","397","encouragement","173","254"
"NDY-003","442","positive feedback","114","136"
"NDY-003","458","encouragement","158","209"
"NDY-003","481","compliment","16","33"
"NDY-003","500","compliment","0","42"
"NDY-003","502","ambiguous","0","18"
"NDY-003","517","ambiguous","0","7"
"NDY-003","518","affection declaration","0","21"
"NDY-003","533","affection declaration","0","22"
"NDY-003","533","positive feedback","23","42"
"NDY-003","533","encouragement","43","60"
"NDY-003","586","positive feedback","0","31"
"NDY-003","586","affection declaration","32","65"
"NDY-003","609","ambiguous","0","19"
"NDY-003","698","compliment","0","28"
"NDY-003","735","compliment","41","64"
"NDY-003","735","encouragement","65","87"
"NDY-003","735","encouragement","88","121"
"NDY-003","777","positive feedback","0","24"
"NDY-003","854","affection declaration","5","42"
"NDY-003","880","affection declaration","40","75"
"NDY-003","897","encouragement","165","190"
"NDY-003","954","affection declaration","0","21"
"NDY-003","992","positive feedback","0","28"
"NDY-003","1044","positive feedback","0","15"
"NDY-003","1046","positive feedback","0","40"
"NDY-003","1046","encouragement","41","57"
"NDY-003","1053","compliment","135","159"
"NDY-003","1053","affection declaration","160","172"
"NDY-003","1073","compliment","0","38"
"NDY-003","1119","affection declaration","0","14"
"NDY-003","1148","compliment","0","27"
"NDY-003","1158","affection declaration","0","24"
"NDY-003","1180","compliment","5","27"
"NDY-003","1183","positive feedback","90","157"
"NDY-003","1183","positive feedback","235","252"
"NDY-003","1198","compliment","77","99"
"NDY-003","1228","affection declaration","0","18"
"NDY-003","1254","affection declaration","0","54"
"NDY-003","1271","compliment","0","18"
"NDY-003","1283","compliment","0","20"
"NDY-003","1292","encouragement","169","187"
"NDY-003","1338","positive feedback","0","16"
"NDY-003","1340","positive feedback","0","4"
"NDY-003","1349","compliment","0","20"
"NDY-003","1378","compliment","8","28"
"NDY-003","1378","encouragement","73","86"
"NDY-003","1397","affection declaration","0","31"
"NDY-003","1398","positive feedback","0","19"
"NDY-003","1398","compliment","20","34"
"NDY-003","1435","affection declaration","0","33"
"NDY-003","1435","compliment","0","33"
"NDY-003","1458","positive feedback","0","11"
"NDY-003","1537","encouragement","14","72"
"NDY-003","1554","positive feedback","78","109"
"NDY-003","1554","positive feedback","145","150"
"NDY-003","1554","affection declaration","151","177"
"NDY-003","1589","compliment","45","75"
"NDY-003","1595","positive feedback","0","21"
"NDY-003","1639","affection declaration","0","29"
"NDY-003","1663","affection declaration","0","13"
"NDY-003","1663","affection declaration","69","85"
"NDY-003","1674","encouragement","0","34"
"NDY-003","1697","positive feedback","3","15"
"NDY-003","1704","positive feedback","0","37"
"NDY-003","1704","positive feedback","38","107"
"NDY-003","1737","compliment","0","21"
"NDY-003","1792","ambiguous","0","56"
"NDY-003","1795","compliment","0","31"
"NDY-003","1838","affection declaration","0","13"
"NDY-003","1857","positive feedback","66","96"
"NDY-003","1890","compliment","0","45"
"NDY-003","1901","compliment","77","133"
"NDY-003","1901","positive feedback","134","148"
"NDY-003","1913","compliment","130","159"
"NDY-003","1992","positive feedback","0","18"
"NDY-003","2009","positive feedback","72","98"
"NDY-003","2044","compliment","5","28"
"NDY-003","2044","compliment","33","71"
"NDY-003","2044","affection declaration","110","130"
"NDY-003","2056","compliment","0","20"
"NDY-003","2096","encouragement","0","52"
"NDY-003","2096","compliment","55","81"
"NDY-003","2120","positive feedback","0","13"
"NDY-003","2120","compliment","14","34"
"NDY-003","2127","affection declaration","387","405"
"NDY-003","2127","compliment","410","441"
"NDY-003","2134","positive feedback","137","144"
"NDY-003","2136","compliment","0","24"
"NDY-003","2136","encouragement","25","34"
"NDY-003","2136","encouragement","35","71"
"NDY-003","2136","encouragement","72","117"
"NDY-003","2190","compliment","0","20"
"NDY-003","2208","affection declaration","41","68"
"NDY-003","2208","positive feedback","69","82"
"NDY-003","2214","affection declaration","0","18"
"NDY-003","2232","compliment","0","26"
"NDY-003","2248","positive feedback","0","4"
"NDY-003","2287","affection declaration","83","94"
"NDY-003","2291","compliment","130","175"
"NDY-003","2309","affection declaration","0","11"
"NDY-003","2311","positive feedback","0","8"
"NDY-003","2311","positive feedback","9","21"
"NDY-003","2324","affection declaration","0","44"
"NDY-003","2349","compliment","0","20"
"NDY-003","2349","implicit","21","68"
"NDY-003","2349","positive feedback","69","85"
"NDY-003","2358","encouragement","0","35"
"NDY-003","2358","positive feedback","61","76"
"NDY-003","2363","positive feedback","0","23"
"NDY-003","2384","affection declaration","0","21"
"NDY-003","2438","compliment","0","32"
"NDY-003","2465","compliment","312","342"
"NDY-003","2497","positive feedback","0","21"
"NDY-003","2497","compliment","22","38"
"NDY-003","2497","positive feedback","39","75"
"NDY-003","2497","encouragement","76","89"
"NDY-003","2579","positive feedback","0","13"
"NDY-003","2593","affection declaration","72","90"
"NDY-003","2593","group membership","95","119"
"NDY-003","2618","affection declaration","0","16"
"NDY-003","2618","positive feedback","80","109"
"NDY-003","2623","positive feedback","0","13"
"NDY-003","2744","compliment","0","37"
"NDY-003","2744","encouragement","98","172"
"NDY-003","2744","affection declaration","173","195"
"NDY-003","2745","compliment","41","66"
"NDY-003","2745","positive feedback","67","160"
"NDY-003","2745","positive feedback","161","186"
"NDY-003","2745","positive feedback","187","210"
"NDY-003","2745","sympathy","275","303"
"NDY-003","2745","group membership","342","383"
"NDY-003","2773","compliment","0","41"
"NDY-003","2773","positive feedback","42","60"
"NDY-003","2773","compliment","61","79"
"NDY-003","2792","ambiguous","0","3"
"NDY-003","2800","ambiguous","0","3"
"NDY-003","2829","encouragement","0","36"
"NDY-003","2831","affection declaration","0","24"
"NDY-003","2848","ambiguous","0","3"
"NDY-003","2852","compliment","16","47"
"NDY-003","2852","encouragement","48","62"
"NDY-003","2852","affection declaration","63","82"
"NDY-003","2855","positive feedback","0","2"
"NDY-003","2875","affection declaration","0","19"
"NDY-003","2875","compliment","20","48"
"NDY-003","2901","positive feedback","0","12"
"NDY-003","2901","affection declaration","13","38"
"NDY-003","2936","positive feedback","0","4"
"NDY-003","2944","positive feedback","0","9"
"NDY-003","2981","affection declaration","35","50"
"NDY-003","2983","positive feedback","0","2"
"NDY-003","2983","positive feedback","3","19"
"NDY-003","2983","encouragement","20","47"
"NDY-003","2993","compliment","0","32"
"NDY-003","3019","positive feedback","0","4"
"NDY-003","3026","positive feedback","0","13"
"NDY-003","3026","affection declaration","19","50"
"NDY-003","3029","positive feedback","0","9"
"NDY-003","3064","affection declaration","0","15"
"NDY-003","3069","ambiguous","0","3"
"NDY-003","3129","positive feedback","29","32"
"NDY-003","3129","positive feedback","38","42"
"NDY-003","3156","positive feedback","41","84"
"NDY-003","3209","positive feedback","0","4"
"NDY-003","3221","affection declaration","0","19"
"NDY-003","3316","positive feedback","0","12"
"NDY-003","3338","compliment","43","71"
"NDY-003","3350","positive feedback","0","4"
"NDY-003","3357","positive feedback","0","3"
"NDY-003","3379","encouragement","0","49"
"NDY-003","3379","compliment","50","68"
"NDY-003","3389","positive feedback","0","18"
"NDY-003","3397","compliment","36","62"
"NDY-003","3417","positive feedback","0","25"
"NDY-003","3420","positive feedback","0","1"
"NDY-003","3456","compliment","153","240"
"NDY-003","3489","compliment","0","12"
"NDY-003","3526","implicit","0","15"
"NDY-003","3549","compliment","192","209"
"NDY-003","3569","agreement","13","23"
"NDY-003","3586","positive feedback","0","42"
"NDY-003","3590","positive feedback","0","18"
"NDY-003","3594","ambiguous","0","3"
"NDY-003","3661","ambiguous","0","3"
"NDY-003","3733","positive feedback","0","1"
"NDY-003","3800","positive feedback","35","37"
"NDY-003","3804","positive feedback","0","23"
"NDY-020","22","positive feedback","0","27"
"NDY-020","29","positive feedback","0","20"
"NDY-020","31","positive feedback","0","10"
"NDY-020","31","positive feedback","11","39"
"NDY-020","31","affection declaration","40","56"
"NDY-020","36","positive feedback","0","25"
"NDY-020","36","positive feedback","58","59"
"NDY-020","36","encouragement","60","82"
"NDY-020","51","positive feedback","0","44"
"NDY-020","57","positive feedback","0","29"
"NDY-020","57","compliment","30","54"
"NDY-020","78","positive feedback","0","63"
"NDY-020","78","compliment","66","97"
"NDY-020","78","positive feedback","98","143"
"NDY-020","78","positive feedback","144","179"
"NDY-020","81","positive feedback","0","31"
"NDY-020","81","positive feedback","32","58"
"NDY-020","82","positive feedback","0","35"
"NDY-020","82","positive feedback","85","118"
"NDY-020","124","positive feedback","0","37"
"NDY-020","124","compliment","49","81"
"NDY-020","125","positive feedback","0","50"
"NDY-020","125","gratitude","51","113"
"NDY-020","126","positive feedback","0","35"
"NDY-020","126","compliment","36","123"
"NDY-020","127","positive feedback","0","30"
"NDY-020","127","positive feedback","33","85"
"NDY-020","134","compliment","0","21"
"NDY-020","138","compliment","0","28"
"NDY-020","150","positive feedback","0","31"
"NDY-020","175","positive feedback","0","20"
"NDY-020","182","positive feedback","0","46"
"NDY-020","182","compliment","47","70"
"NDY-020","182","positive feedback","75","126"
"NDY-020","205","affection declaration","0","114"
"NDY-020","228","positive feedback","0","26"
"NDY-020","228","encouragement","27","50"
"NDY-020","228","compliment","51","86"
"NDY-020","228","affection declaration","87","96"
"NDY-020","230","compliment","0","31"
"NDY-020","254","compliment","0","24"
"NDY-020","278","positive feedback","0","63"
"NDY-020","278","compliment","64","125"
"NDY-020","278","encouragement","126","146"
"NDY-020","278","positive feedback","147","188"
"NDY-020","278","positive feedback","266","288"
"NDY-020","278","encouragement","289","318"
"NDY-020","352","affection declaration","15","45"
"NDY-020","353","agreement","0","14"
"NDY-020","355","agreement","0","36"
"NDY-020","356","compliment","0","11"
"NDY-020","364","compliment","0","7"
"NDY-020","389","positive feedback","0","11"
"NDY-020","395","affection declaration","0","6"
"NDY-020","395","compliment","7","39"
"NDY-020","398","positive feedback","0","5"
"NDY-020","398","positive feedback","6","25"
"NDY-020","398","compliment","28","43"
"NDY-020","398","positive feedback","44","128"
"NDY-020","398","positive feedback","131","235"
"NDY-020","398","positive feedback","238","290"
"NDY-020","398","positive feedback","293","304"
"NDY-020","398","positive feedback","307","320"
"NDY-020","398","positive feedback","371","384"
"NDY-020","398","positive feedback","387","433"
"NDY-020","398","affection declaration","387","433"
"NDY-020","413","positive feedback","0","11"
"NDY-020","423","compliment","0","28"
"NDY-020","423","affection declaration","29","60"
"NDY-020","423","positive feedback","29","60"
"NDY-020","423","encouragement","61","83"
"NDY-020","449","positive feedback","0","40"
"NDY-020","461","affection declaration","0","18"
"NDY-020","461","positive feedback","19","46"
"NDY-020","469","positive feedback","0","19"
"NDY-020","476","positive feedback","0","52"
"NDY-020","479","positive feedback","0","33"
"NDY-020","481","positive feedback","0","30"
"NDY-020","481","positive feedback","33","78"
"NDY-020","488","positive feedback","0","62"
"NDY-020","488","positive feedback","63","147"
"NDY-020","488","compliment","150","261"
"NDY-020","488","encouragement","262","280"
"NDY-020","501","positive feedback","0","29"
"NDY-020","504","positive feedback","60","69"
"NDY-020","531","positive feedback","0","73"
"NDY-020","531","compliment","0","73"
"NDY-020","547","positive feedback","0","27"
"NDY-020","547","positive feedback","28","103"
"NDY-020","547","positive feedback","104","173"
"NDY-020","547","encouragement","174","212"
"NDY-020","597","positive feedback","0","20"
"NDY-020","597","positive feedback","21","41"
"NDY-020","597","affection declaration","42","56"
"NDY-020","601","positive feedback","0","3"
"NDY-020","601","positive feedback","4","20"
"NDY-020","606","compliment","31","58"
"NDY-020","616","positive feedback","8","26"
"NDY-020","667","compliment","0","40"
"NDY-020","702","positive feedback","0","13"
"NDY-020","702","positive feedback","14","32"
"NDY-020","714","positive feedback","0","88"
"NDY-020","714","positive feedback","91","168"
"NDY-020","714","positive feedback","171","250"
"NDY-020","714","gratitude","254","280"
"NDY-020","715","positive feedback","0","34"
"NDY-020","715","compliment","35","60"
"NDY-020","716","positive feedback","0","17"
"NDY-020","716","positive feedback","18","38"
"NDY-020","716","compliment","39","58"
"NDY-020","739","positive feedback","0","72"
"NDY-020","752","positive feedback","0","14"
"NDY-020","752","compliment","15","74"
"NDY-020","752","compliment","75","84"
"NDY-020","752","compliment","113","181"
"NDY-020","755","positive feedback","0","72"
"NDY-020","755","positive feedback","73","86"
"NDY-020","755","compliment","87","116"
"NDY-020","767","positive feedback","0","28"
"NDY-020","767","compliment","138","178"
"NDY-020","767","encouragement","179","196"
"NDY-020","775","positive feedback","167","255"
"NDY-020","775","compliment","258","285"
"NDY-020","775","positive feedback","608","657"
"NDY-020","775","compliment","662","713"
"NDY-020","801","positive feedback","0","5"
"NDY-020","801","positive feedback","6","29"
"NDY-020","801","compliment","33","63"
"NDY-020","826","compliment","0","41"
"NDY-020","826","compliment","42","71"
"NDY-020","826","compliment","76","108"
"NDY-020","830","positive feedback","0","10"
"NDY-020","832","positive feedback","0","33"
"NDY-020","832","positive feedback","34","90"
"NDY-020","835","compliment","0","33"
"NDY-020","837","positive feedback","0","10"
"NDY-020","846","positive feedback","0","21"
"NDY-020","846","affection declaration","22","67"
"NDY-020","849","positive feedback","0","36"
"NDY-020","863","positive feedback","0","38"
"NDY-020","885","gratitude","0","12"
"NDY-020","885","positive feedback","13","92"
"NDY-020","885","compliment","93","134"
"NDY-020","885","compliment","137","195"
"NDY-020","885","affection declaration","198","244"
"NDY-020","895","positive feedback","0","41"
"NDY-020","895","compliment","42","64"
"NDY-020","895","positive feedback","65","95"
"NDY-020","903","positive feedback","19","43"
"NDY-020","903","positive feedback","44","69"
"NDY-020","903","positive feedback","72","174"
"NDY-020","933","positive feedback","0","27"
"NDY-020","933","positive feedback","28","68"
"NDY-020","933","positive feedback","69","101"
"NDY-020","933","compliment","102","132"
"NDY-020","933","affection declaration","133","165"
"NDY-020","933","encouragement","166","184"
"NDY-020","933","positive feedback","185","241"
"NDY-020","934","group membership","0","37"
"NDY-020","934","positive feedback","42","102"
"NDY-020","934","affection declaration","105","216"
"NDY-020","934","gratitude","217","222"
"NDY-020","937","compliment","0","25"
"NDY-020","952","positive feedback","0","22"
"NDY-020","952","compliment","27","48"
"NDY-020","952","gratitude","53","82"
"NDY-020","952","encouragement","83","143"
"NDY-020","952","positive feedback","83","143"
"NDY-020","952","compliment","83","143"
"NDY-020","952","implicit","146","189"
"NDY-020","971","positive feedback","0","3"
"NDY-020","971","positive feedback","6","67"
"NDY-020","971","compliment","70","111"
"NDY-020","971","compliment","112","194"
"NDY-020","971","compliment","195","263"
"NDY-020","971","compliment","264","285"
"NDY-020","996","compliment","0","99"
"NDY-020","1015","positive feedback","0","24"
"NDY-020","1020","positive feedback","0","38"
"NDY-020","1020","compliment","41","74"
"NDY-020","1020","positive feedback","220","249"
"NDY-020","1020","positive feedback","379","471"
"NDY-020","1020","compliment","474","536"
"NDY-020","1020","positive feedback","537","547"
"NDY-020","1040","positive feedback","0","15"
"NDY-020","1063","positive feedback","0","30"
"NDY-020","1063","compliment","31","64"
"NDY-020","1063","affection declaration","69","98"
"NDY-020","1080","compliment","0","26"
"NDY-020","1086","positive feedback","24","43"
"NDY-020","1111","positive feedback","1020","1052"
"NDY-020","1111","compliment","1077","1119"
"NDY-020","1151","affection declaration","0","73"
"NDY-020","1151","compliment","74","101"
"NDY-020","1151","affection declaration","102","126"
"NDY-020","1164","positive feedback","0","91"
"NDY-020","1164","positive feedback","92","174"
"NDY-020","1164","encouragement","175","255"
"NDY-020","1170","positive feedback","0","17"
"NDY-020","1177","positive feedback","0","3"
"NDY-020","1181","compliment","0","17"
"NDY-020","1186","positive feedback","21","51"
"NDY-020","1206","positive feedback","0","51"
"NDY-020","1214","compliment","0","20"
"NDY-020","1230","positive feedback","0","70"
"NDY-020","1230","affection declaration","71","139"
"NDY-020","1230","positive feedback","140","211"
"NDY-020","1230","affection declaration","223","258"
"NDY-020","1264","compliment","0","31"
"NDY-020","1266","positive feedback","0","15"
"NDY-020","1282","positive feedback","0","9"
"NDY-020","1310","positive feedback","0","11"
"NDY-020","1310","positive feedback","12","25"
"NDY-020","1324","positive feedback","0","29"
"NDY-020","1324","positive feedback","30","65"
"NDY-020","1482","positive feedback","0","11"
"NDY-020","1484","positive feedback","0","25"
"NDY-020","1500","compliment","0","23"
"NDY-020","1502","affection declaration","0","12"
"NDY-020","1502","compliment","13","42"
"NDY-020","1502","compliment","43","76"
"NDY-020","1502","encouragement","107","122"
"NDY-020","1538","positive feedback","0","63"
"NDY-020","1539","positive feedback","0","64"
"NDY-020","1539","ambiguous","67","126"
"NDY-020","1542","positive feedback","0","2"
"NDY-020","1544","positive feedback","0","3"
"NDY-020","1552","ambiguous","0","64"
"NDY-020","1573","agreement","13","35"
"NDY-020","1573","positive feedback","118","119"
"NDY-179","6","positive feedback","0","13"
"NDY-179","29","positive feedback","0","11"
"NDY-179","29","positive feedback","12","48"
"NDY-179","38","positive feedback","0","22"
"NDY-179","85","positive feedback","0","8"
"NDY-179","125","positive feedback","0","12"
"NDY-179","125","affection declaration","15","48"
"NDY-179","129","positive feedback","0","35"
"NDY-179","142","positive feedback","49","65"
"NDY-179","170","positive feedback","0","19"
"NDY-179","170","positive feedback","20","36"
"NDY-179","170","positive feedback","37","111"
"NDY-179","170","positive feedback","121","133"
"NDY-179","212","positive feedback","0","43"
"NDY-179","212","compliment","44","67"
"NDY-179","269","positive feedback","0","4"
"NDY-179","277","positive feedback","0","14"
"NDY-179","277","positive feedback","15","47"
"NDY-179","279","positive feedback","0","21"
"NDY-179","287","positive feedback","0","4"
"NDY-179","318","affection declaration","0","22"
"NDY-179","318","positive feedback","23","67"
"NDY-179","321","compliment","135","189"
"NDY-179","321","compliment","273","290"
"NDY-179","323","positive feedback","0","15"
"NDY-179","352","positive feedback","37","74"
"NDY-179","382","positive feedback","0","4"
"NDY-179","393","positive feedback","0","41"
"NDY-179","408","positive feedback","0","18"
"NDY-179","408","positive feedback","52","53"
"NDY-179","408","positive feedback","54","116"
"NDY-179","429","positive feedback","0","24"
"NDY-179","429","encouragement","25","43"
"NDY-179","431","positive feedback","0","7"
"NDY-179","453","encouragement","0","45"
"NDY-179","465","positive feedback","0","7"
"NDY-179","465","implicit","63","104"
"NDY-179","479","positive feedback","0","14"
"NDY-179","480","compliment","0","24"
"NDY-179","501","positive feedback","0","16"
"NDY-179","552","affection declaration","0","26"
"NDY-179","552","compliment","27","59"
"NDY-179","561","positive feedback","0","27"
"NDY-179","608","affection declaration","0","27"
"NDY-179","608","group membership","32","64"
"NDY-179","608","positive feedback","432","445"
"NDY-179","608","positive feedback","446","474"
"NDY-179","608","affection declaration","553","575"
"NDY-179","691","affection declaration","52","71"
"NDY-179","691","affection declaration","72","86"
"NDY-179","835","positive feedback","0","17"
"NDY-179","939","affection declaration","0","37"
"NDY-179","996","affection declaration","0","23"
"NDY-179","1004","positive feedback","0","11"
"NDY-179","1014","affection declaration","0","12"
"NDY-179","1107","positive feedback","20","50"
"NDY-179","1176","positive feedback","0","22"
"NDY-179","1176","positive feedback","68","95"
"NDY-179","1203","positive feedback","0","7"
"NDY-179","1229","positive feedback","0","30"
"NDY-179","1319","compliment","5","28"
"NDY-179","1393","positive feedback","0","14"
"NDY-179","1393","affection declaration","321","350"
"NDY-179","1393","positive feedback","351","369"
"NDY-179","1393","positive feedback","378","381"
"NDY-179","1404","positive feedback","0","16"
"NDY-179","1411","affection declaration","0","32"
"NDY-179","1411","compliment","33","40"
"NDY-179","1411","group membership","41","122"
"NDY-179","1440","positive feedback","0","22"
"NDY-179","1635","positive feedback","0","14"
"NDY-179","1652","affection declaration","0","14"
"NDY-179","1666","positive feedback","0","9"
"NDY-179","1668","positive feedback","0","11"
"NDY-179","1684","affection declaration","0","35"
"NDY-179","1705","positive feedback","0","10"
"NDY-179","1708","positive feedback","12","34"
"NDY-179","1865","positive feedback","64","166"
"NDY-179","1865","compliment","175","203"
"NDY-179","1866","positive feedback","0","97"
"NDY-179","1895","affection declaration","0","44"
"NDY-179","1913","positive feedback","0","20"
"NDY-179","1986","positive feedback","0","1"
"NDY-179","2082","compliment","30","46"
"NDY-179","2174","positive feedback","0","13"
"NDY-179","2250","positive feedback","0","43"
"NDY-179","2286","ambiguous","0","19"
"NDY-179","2293","positive feedback","0","17"
"NDY-179","2492","affection declaration","0","19"
"NDY-179","2527","affection declaration","0","17"
"NDY-179","2527","positive feedback","145","146"
"NDY-179","2541","encouragement","0","20"
"NDY-179","2556","positive feedback","0","29"
"NDY-179","2586","positive feedback","102","113"
"NDY-179","2609","positive feedback","0","21"
"NDY-179","2609","compliment","33","59"
"NDY-179","2629","affection declaration","0","27"
"NDY-179","2631","affection declaration","0","15"
"NDY-179","2659","positive feedback","0","4"
"NDY-179","2728","compliment","0","68"
"NDY-179","2865","compliment","0","27"
"NDY-179","2889","positive feedback","0","56"
"NDY-179","2890","affection declaration","0","25"
"NDY-179","2890","encouragement","26","80"
"NDY-179","2922","compliment","0","21"
"NDY-179","2955","positive feedback","0","12"
"NDY-179","2975","positive feedback","0","11"
"NDY-179","2975","encouragement","12","27"
"NDY-179","3011","compliment","0","26"
"NDY-179","3014","positive feedback","0","4"
"NDY-179","3031","positive feedback","0","59"
"NDY-179","3047","positive feedback","0","30"
"NDY-179","3047","encouragement","33","54"
"NDY-179","3071","group membership","0","27"
"NDY-179","3071","encouragement","28","48"
"NDY-179","3109","affection declaration","0","23"
"NDY-179","3109","affection declaration","24","61"
"NDY-179","3194","positive feedback","0","4"
"NDY-179","3194","encouragement","5","20"
"NDY-179","3206","positive feedback","0","4"
"NDY-179","3240","positive feedback","0","17"
"NDY-179","3295","positive feedback","0","4"
"NDY-179","3297","positive feedback","0","13"
"NDY-179","3307","positive feedback","36","59"
"NDY-179","3343","compliment","0","34"
"NDY-179","3397","encouragement","0","27"
"NDY-179","3452","positive feedback","0","9"
"NDY-179","3500","positive feedback","0","9"
"NDY-179","3503","positive feedback","0","4"
"NDY-179","3515","encouragement","0","29"
"NDY-179","3529","positive feedback","0","7"
"NDY-179","3529","positive feedback","8","21"
"NDY-179","3532","positive feedback","0","5"
"NDY-179","3533","positive feedback","0","13"
"NDY-179","3541","compliment","0","44"
"NDY-179","3598","affection declaration","0","27"
"NDY-179","3612","positive feedback","0","5"
"NDY-179","3629","positive feedback","0","16"
"NDY-179","3633","positive feedback","0","4"
"NDY-179","3675","positive feedback","0","17"
"NDY-179","3826","compliment","0","22"
"NDY-179","3835","positive feedback","0","4"
"NDY-179","3842","affection declaration","0","22"
"NDY-179","3873","affection declaration","0","27"
"NDY-179","3875","positive feedback","0","10"
"NDY-179","3875","gratitude","11","45"
"NDY-179","3935","positive feedback","0","64"
"NDY-179","3938","positive feedback","0","4"
"NDY-179","3964","affection declaration","0","18"
"NDY-179","3969","positive feedback","32","43"
"NDY-179","3972","affection declaration","0","32"
"NDY-179","3972","positive feedback","35","67"
"NDY-179","3972","positive feedback","68","104"
"NDY-179","3972","gratitude","105","126"
"NDY-179","3991","implicit","0","32"
"NDY-179","4097","positive feedback","0","16"
"NDY-179","4097","positive feedback","17","41"
"NDY-179","4117","affection declaration","0","21"
"NDY-179","4117","affection declaration","22","41"
"NDY-179","4220","affection declaration","0","19"
"NDY-179","4259","positive feedback","0","12"
"NDY-179","4265","affection declaration","0","33"
"NDY-179","4284","affection declaration","0","16"
"NDY-179","4300","positive feedback","0","14"
"NDY-179","4303","positive feedback","0","11"
"NDY-179","4330","positive feedback","0","16"
"NDY-179","4351","affection declaration","0","24"
"NDY-179","4364","group membership","0","15"
"NDY-179","4365","positive feedback","0","12"
"NDY-179","4379","compliment","0","41"
"NDY-179","4469","positive feedback","0","9"
"NDY-179","4471","affection declaration","0","21"
"NDY-179","4492","affection declaration","0","10"
"NDY-179","4520","group membership","0","42"
"NDY-179","4533","gratitude","0","29"
"NDY-179","4548","positive feedback","0","19"
"NDY-179","4589","affection declaration","0","21"
"NDY-179","4634","positive feedback","0","4"
"NDY-179","4642","positive feedback","100","115"
"NDY-179","4642","affection declaration","116","133"
"NDY-179","4653","positive feedback","0","3"
"NDY-179","4661","positive feedback","0","26"
"NDY-179","4684","affection declaration","0","28"
"NDY-179","4725","positive feedback","0","4"
"NDY-179","4745","positive feedback","0","6"
"NDY-179","4915","positive feedback","0","25"
"NDY-179","4919","group membership","0","13"
"NDY-179","4937","positive feedback","0","13"
"NDY-179","4945","positive feedback","0","12"
"NDY-179","4950","affection declaration","0","120"
"NDY-179","5035","compliment","0","10"
"NDY-179","5048","affection declaration","0","50"
"NDY-179","5048","positive feedback","51","78"
"NDY-179","5048","affection declaration","143","167"
"NDY-179","5048","positive feedback","172","254"
"NDY-179","5048","positive feedback","259","326"
"NDY-179","5048","positive feedback","327","382"
"NDY-179","5069","positive feedback","0","1"
"NDY-179","5081","affection declaration","0","29"
"NDY-179","5108","positive feedback","0","19"
"NDY-179","5108","positive feedback","20","38"
"NDY-179","5174","positive feedback","0","15"
"NDY-186","7","positive feedback","0","3"
"NDY-186","21","positive feedback","0","19"
"NDY-186","24","positive feedback","0","11"
"NDY-186","25","implicit","0","20"
"NDY-186","29","positive feedback","0","14"
"NDY-186","49","positive feedback","0","14"
"NDY-186","68","positive feedback","0","7"
"NDY-186","68","positive feedback","8","35"
"NDY-186","97","positive feedback","0","11"
"NDY-186","101","positive feedback","0","12"
"NDY-186","126","group membership","43","76"
"NDY-186","162","positive feedback","0","1"
"NDY-186","182","positive feedback","0","19"
"NDY-186","193","positive feedback","0","5"
"NDY-186","200","positive feedback","0","11"
"NDY-186","233","positive feedback","0","16"
"NDY-186","233","affection declaration","17","31"
"NDY-186","238","positive feedback","0","4"
"NDY-186","283","positive feedback","0","41"
"NDY-186","283","positive feedback","42","82"
"NDY-186","300","positive feedback","0","17"
"NDY-186","304","positive feedback","0","8"
"NDY-186","315","positive feedback","0","18"
"NDY-186","315","encouragement","19","34"
"NDY-186","315","affection declaration","37","53"
"NDY-186","320","affection declaration","0","19"
"NDY-186","332","positive feedback","0","4"
"NDY-186","338","positive feedback","0","46"
"NDY-186","348","gratitude","0","48"
"NDY-186","348","encouragement","49","78"
"NDY-186","348","gratitude","79","128"
"NDY-186","348","positive feedback","188","191"
"NDY-186","363","positive feedback","0","22"
"NDY-186","369","affection declaration","0","31"
"NDY-186","371","compliment","102","119"
"NDY-186","371","compliment","122","131"
"NDY-186","465","positive feedback","0","20"
"NDY-186","479","positive feedback","0","11"
"NDY-186","506","affection declaration","0","19"
"NDY-186","528","positive feedback","0","19"
"NDY-186","560","affection declaration","0","17"
"NDY-186","594","affection declaration","0","35"
"NDY-186","608","positive feedback","0","12"
"NDY-186","608","encouragement","13","28"
"NDY-186","635","affection declaration","0","15"
"NDY-186","635","affection declaration","16","28"
"NDY-186","660","affection declaration","0","19"
"NDY-186","665","positive feedback","0","27"
"NDY-186","679","affection declaration","0","30"
"NDY-186","688","positive feedback","0","32"
"NDY-186","714","implicit","18","40"
"NDY-186","740","affection declaration","0","14"
"NDY-186","755","positive feedback","0","35"
"NDY-186","757","positive feedback","0","10"
"NDY-186","784","agreement","0","15"
"NDY-186","815","positive feedback","0","4"
"NDY-186","841","positive feedback","0","11"
"NDY-186","841","positive feedback","12","55"
"NDY-186","851","positive feedback","0","6"
"NDY-186","880","positive feedback","0","10"
"NDY-186","922","positive feedback","0","29"
"NDY-186","922","encouragement","32","44"
"NDY-186","930","positive feedback","0","18"
"NDY-186","977","positive feedback","0","12"
"NDY-186","977","positive feedback","13","24"
"NDY-186","1049","gratitude","0","24"
"NDY-186","1111","encouragement","0","39"
"NDY-186","1172","agreement","20","28"
"NDY-186","1186","gratitude","3","24"
"NDY-186","1220","affection declaration","0","30"
"NDY-186","1226","positive feedback","0","9"
"NDY-186","1228","implicit","0","28"
"NDY-186","1228","positive feedback","29","37"
"NDY-186","1272","affection declaration","0","18"
"NDY-186","1277","positive feedback","0","4"
"NDY-186","1296","positive feedback","0","21"
"NDY-186","1296","positive feedback","67","94"
"NDY-186","1344","positive feedback","0","9"
"NDY-186","1355","positive feedback","0","13"
"NDY-186","1414","positive feedback","12","14"
"NDY-186","1414","affection declaration","15","32"
"NDY-186","1414","encouragement","33","56"
"NDY-186","1444","positive feedback","0","18"
"NDY-186","1478","affection declaration","0","19"
"NDY-186","1486","affection declaration","4","20"
"NDY-186","1533","positive feedback","0","40"
"NDY-186","1651","affection declaration","0","73"
"NDY-186","1651","affection declaration","74","109"
"NDY-186","1655","positive feedback","0","4"
"NDY-186","1656","positive feedback","23","24"
"NDY-186","1675","positive feedback","183","194"
"NDY-186","1694","compliment","0","23"
"NDY-186","1694","encouragement","24","41"
"NDY-186","1694","affection declaration","42","61"
"NDY-186","1701","positive feedback","0","13"
"NDY-186","1727","positive feedback","0","35"
"NDY-186","1729","positive feedback","0","21"
"NDY-186","1729","positive feedback","22","37"
"NDY-186","1729","compliment","38","63"
"NDY-186","1729","compliment","64","82"
"NDY-186","1784","positive feedback","0","6"
"NDY-186","1807","positive feedback","0","17"
"NDY-186","1866","positive feedback","0","10"
"NDY-186","1907","positive feedback","0","36"
"NDY-186","1915","affection declaration","0","18"
"NDY-186","1927","affection declaration","0","43"
"NDY-186","1943","positive feedback","0","44"
"NDY-186","1943","positive feedback","45","65"
"NDY-186","1964","positive feedback","0","10"
"NDY-186","1965","positive feedback","0","28"
"NDY-186","2036","positive feedback","0","12"
"NDY-186","2090","positive feedback","0","4"
"NDY-186","2135","positive feedback","49","63"
"NDY-186","2140","affection declaration","0","45"
"NDY-186","2147","compliment","0","43"
"NDY-186","2151","positive feedback","44","67"
"NDY-186","2151","encouragement","68","85"
"NDY-186","2216","affection declaration","0","25"
"NDY-186","2239","positive feedback","0","28"
"NDY-186","2239","encouragement","29","59"
"NDY-186","2239","compliment","29","43"
"NDY-186","2239","affection declaration","60","66"
"NDY-186","2392","positive feedback","0","9"
"NDY-186","2392","positive feedback","10","36"
"NDY-186","2461","compliment","0","30"
"NDY-186","2469","positive feedback","0","19"
"NDY-186","2483","positive feedback","38","67"
"NDY-186","2483","positive feedback","68","83"
"NDY-186","2551","positive feedback","0","4"
"NDY-186","2587","positive feedback","0","45"
"NDY-186","2681","positive feedback","0","18"
"NDY-186","2691","compliment","0","49"
"NDY-186","2691","affection declaration","50","69"
"NDY-186","2693","positive feedback","0","5"
"NDY-186","2704","positive feedback","55","67"
"NDY-186","2745","positive feedback","0","4"
"NDY-186","2752","positive feedback","0","4"
"NDY-186","2784","positive feedback","0","14"
"NDY-186","2784","affection declaration","15","33"
"NDY-186","2831","positive feedback","0","2"
"NDY-186","2854","positive feedback","0","11"
"NDY-186","2856","positive feedback","0","15"
"NDY-186","2867","positive feedback","0","4"
"NDY-186","2938","affection declaration","0","13"
"NDY-186","2938","positive feedback","14","38"
"NDY-186","2983","positive feedback","0","9"
"NDY-186","3081","positive feedback","148","194"
"NDY-186","3081","positive feedback","195","208"
"NDY-186","3081","affection declaration","209","249"
"NDY-186","3081","affection declaration","250","271"
"NDY-186","3105","positive feedback","0","18"
"NDY-186","3105","positive feedback","19","44"
"NDY-186","3108","positive feedback","0","24"
"NDY-186","3108","affection declaration","25","51"
"NDY-186","3114","positive feedback","0","35"
"NDY-186","3145","positive feedback","0","17"
"NDY-186","3145","compliment","18","50"
"NDY-186","3171","positive feedback","0","4"
"NDY-186","3191","positive feedback","0","1"
"NDY-186","3211","affection declaration","0","23"
"NDY-186","3226","positive feedback","0","8"
"NDY-186","3291","positive feedback","0","18"
"NDY-186","3303","positive feedback","0","15"
"NDY-186","3303","positive feedback","18","41"
"NDY-186","3310","positive feedback","0","26"
"NDY-186","3322","positive feedback","0","18"
"NDY-186","3322","encouragement","19","28"
"NDY-186","3337","positive feedback","0","15"
"NDY-186","3478","positive feedback","0","4"
"NDY-186","3504","positive feedback","0","4"
"NDY-186","3504","encouragement","5","14"
"NDY-186","3506","agreement","0","14"
"NDY-186","3508","ambiguous","15","19"
"NDY-186","3526","positive feedback","0","4"
"NDY-186","3530","positive feedback","0","20"
"NDY-186","3530","positive feedback","21","58"
"NDY-186","3534","positive feedback","0","7"
"NDY-186","3560","compliment","0","32"
"NDY-186","3567","positive feedback","0","7"
"NDY-186","3567","group membership","8","39"
"NDY-186","3595","positive feedback","0","35"
"NDY-186","3595","encouragement","36","45"
"NDY-186","3608","positive feedback","0","4"
"NDY-186","3654","positive feedback","0","38"
"NDY-186","3678","positive feedback","6","19"
"NDY-186","3680","affection declaration","0","44"
"NDY-186","3680","positive feedback","45","67"
"NDY-186","3680","affection declaration","68","96"
"NDY-186","3680","positive feedback","97","139"
"NDY-186","3680","positive feedback","167","168"
"NDY-186","3703","positive feedback","0","33"
"NDY-186","3714","positive feedback","0","11"
"NDY-186","3796","affection declaration","0","46"
"NDY-186","3849","positive feedback","0","11"
"NDY-186","3854","positive feedback","0","19"
"NDY-186","3854","positive feedback","22","47"
"NDY-186","3862","positive feedback","6","24"
"NDY-186","3905","positive feedback","0","44"
"NDY-186","3942","positive feedback","0","10"
"NDY-186","4043","positive feedback","0","17"
"NDY-186","4043","positive feedback","18","52"
"NDY-186","4051","positive feedback","0","29"
"NDY-186","4059","positive feedback","0","14"
"NDY-186","4074","positive feedback","0","5"
"NDY-186","4082","positive feedback","0","19"
"NDY-186","4166","positive feedback","0","18"
"NDY-186","4191","positive feedback","0","15"
"NDY-186","4222","positive feedback","0","11"
"NDY-186","4246","positive feedback","0","25"
"NDY-186","4265","compliment","12","27"
"NDY-186","4307","affection declaration","0","20"
"NDY-186","4308","affection declaration","0","20"
"NDY-186","4357","affection declaration","69","105"
"NDY-186","4357","compliment","69","105"
"NDY-186","4436","affection declaration","3","17"
"NDY-186","4436","positive feedback","18","23"
"NDY-186","4436","positive feedback","24","79"
"NDY-186","4481","positive feedback","0","14"
"NDY-186","4488","affection declaration","0","17"
"NDY-186","4519","positive feedback","0","18"
"NDY-186","4556","agreement","18","36"
"NDY-186","4570","affection declaration","0","37"
"NDY-186","4578","ambiguous","0","3"
"NDY-186","4631","positive feedback","0","4"
"NDY-186","4649","positive feedback","0","9"
"NDY-186","4657","positive feedback","0","28"
"NDY-186","4659","positive feedback","0","4"
"NDY-186","4673","positive feedback","0","4"
"NDY-186","4688","encouragement","0","21"
"NDY-186","4694","positive feedback","0","11"
"NDY-186","4694","encouragement","12","21"
"NDY-186","4698","positive feedback","0","17"
"NDY-186","4698","encouragement","18","43"
"NDY-186","4704","positive feedback","42","43"
"NDY-186","4714","group membership","0","27"
"NDY-186","4754","affection declaration","0","20"
"NDY-186","4771","encouragement","24","47"
"NDY-186","4785","positive feedback","0","68"
"NDY-186","4797","encouragement","0","113"
"NDY-186","4800","positive feedback","0","4"
"NDY-186","4823","encouragement","0","15"
"NDY-186","4823","group membership","16","40"
"NDY-186","4840","positive feedback","0","18"
"NDY-186","4865","positive feedback","0","6"
"NDY-186","4888","positive feedback","0","7"
"NDY-186","4916","affection declaration","0","20"
"NDY-186","4916","positive feedback","25","48"
"NDY-186","4916","compliment","53","85"
"NDY-186","4944","positive feedback","0","16"
"NDY-186","4948","positive feedback","0","4"
"NDY-186","4948","affection declaration","5","130"
"NDY-186","4952","affection declaration","0","21"
"NDY-186","4982","affection declaration","0","63"
"NDY-186","4988","positive feedback","0","29"
"NDY-186","5044","positive feedback","6","17"
"NDY-186","5055","affection declaration","0","16"
"NDY-186","5097","positive feedback","0","20"
"NDY-186","5162","encouragement","12","35"
"NDY-186","5190","positive feedback","0","9"
"NDY-186","5200","affection declaration","0","51"
"NDY-186","5228","positive feedback","0","29"
"NDY-186","5228","positive feedback","30","42"
"NDY-186","5264","positive feedback","0","11"
"NDY-186","5273","affection declaration","0","17"
"NDY-186","5316","positive feedback","0","4"
"NDY-186","5317","positive feedback","0","18"
"NDY-186","5330","affection declaration","0","21"
"NDY-186","5330","positive feedback","22","67"
"NDY-186","5362","positive feedback","0","4"
"NDY-186","5382","positive feedback","0","13"
"NDY-186","5416","affection declaration","0","22"
"NDY-186","5434","compliment","0","83"
"NDY-186","5458","affection declaration","0","19"
"NDY-186","5467","compliment","0","27"
"NDY-186","5485","group membership","3","26"
"NDY-186","5513","positive feedback","0","9"
"NDY-186","5520","positive feedback","0","37"
"NDY-186","5567","affection declaration","0","31"
"NDY-186","5579","positive feedback","0","5"
"NDY-186","5603","positive feedback","0","12"
"NDY-186","5682","compliment","0","44"
"NDY-186","5693","compliment","0","14"
"NDY-186","5779","positive feedback","63","85"
"NDY-186","5895","positive feedback","0","15"
"NDY-186","5921","positive feedback","0","12"
"NDY-186","5974","positive feedback","0","1"
"NDY-186","5984","compliment","0","52"
"NDY-186","5984","compliment","53","78"
"NDY-186","5984","affection declaration","79","119"
"NDY-186","5984","positive feedback","120","168"
"NDY-186","5991","agreement","0","4"
"NDY-186","6113","positive feedback","0","11"
"NDY-186","6114","positive feedback","0","16"
"NDY-186","6173","positive feedback","0","14"
"NDY-186","6196","compliment","0","45"
"NDY-186","6210","agreement","13","19"
"NDY-186","6226","positive feedback","0","16"
"NDY-186","6249","positive feedback","0","21"
"NDY-186","6283","positive feedback","30","47"
"NDY-186","6287","ambiguous","0","3"
"NDY-186","6301","affection declaration","0","49"
"NDY-186","6328","affection declaration","0","46"
"NDY-186","6407","positive feedback","0","89"
"NDY-186","6432","positive feedback","0","16"
"NDY-186","6451","positive feedback","0","33"
"NDY-186","6459","positive feedback","0","5"
"NDY-186","6461","positive feedback","0","21"
"NDY-186","6490","ambiguous","0","5"
"NDY-186","6513","agreement","0","8"
"NDY-186","6520","positive feedback","0","4"
"NDY-186","6583","positive feedback","0","5"
"NDY-186","6612","positive feedback","0","23"
"NDY-186","6616","positive feedback","0","7"
"NDY-186","6744","positive feedback","0","16"
"NDY-186","6745","positive feedback","0","29"
"NDY-186","6784","positive feedback","0","4"
"NDY-186","6804","encouragement","7","63"
"NDY-186","6811","positive feedback","0","33"
"NDY-186","6819","compliment","0","44"
"NDY-186","6840","affection declaration","0","14"
"NDY-186","6860","positive feedback","0","41"
"NDY-186","6874","positive feedback","0","5"
"NDY-186","6878","affection declaration","0","87"
"NDY-186","6900","positive feedback","19","66"
"NDY-186","6900","group membership","67","104"
"NDY-186","6907","positive feedback","0","17"
"NDY-186","6929","positive feedback","0","22"
"NDY-186","7039","positive feedback","0","31"
"NDY-186","7100","affection declaration","0","14"
"NDY-186","7102","ambiguous","0","3"
"NDY-186","7107","affection declaration","0","13"
"NDY-186","7121","positive feedback","0","12"
"NDY-186","7136","positive feedback","0","13"
"NDY-186","7159","positive feedback","0","12"
"NDY-186","7164","compliment","0","23"
"NDY-186","7164","positive feedback","39","42"
"NDY-186","7210","positive feedback","0","6"
"NDY-186","7230","positive feedback","0","16"
"NDY-186","7239","implicit","0","36"
"NDY-186","7281","affection declaration","0","14"
"NDY-186","7290","compliment","0","110"
"NDY-186","7305","positive feedback","0","26"
"NDY-186","7315","positive feedback","0","5"
"NDY-186","7315","positive feedback","6","26"
"NDY-186","7320","positive feedback","0","24"
"NDY-186","7336","positive feedback","0","25"
"NDY-186","7356","affection declaration","0","139"
"NDY-186","7370","positive feedback","0","5"
"NDY-186","7427","positive feedback","0","42"
"NDY-186","7469","positive feedback","0","11"
"NDY-186","7469","positive feedback","12","24"
"NDY-186","7494","implicit","0","47"
"NDY-186","7513","positive feedback","0","11"
"NDY-186","7524","positive feedback","0","15"
"NDY-186","7539","positive feedback","2","60"
"NDY-186","7574","affection declaration","0","16"
"NDY-186","7579","affection declaration","0","28"
"NDY-186","7595","positive feedback","0","9"
"NDY-186","7602","positive feedback","0","24"
"NDY-186","7602","positive feedback","25","85"
"NDY-186","7613","positive feedback","0","26"
"NDY-186","7615","affection declaration","0","29"
"NDY-186","7645","affection declaration","0","21"
"NDY-186","7652","positive feedback","0","11"
"NDY-186","7682","positive feedback","0","44"
"NDY-186","7687","affection declaration","0","20"
"NDY-208","62","agreement","11","19"
"NDY-208","63","agreement","11","23"
"NDY-208","116","positive feedback","0","6"
"NDY-208","126","positive feedback","13","18"
"NDY-208","143","positive feedback","0","4"
"NDY-208","147","affection declaration","0","23"
"NDY-208","147","gratitude","24","76"
"NDY-208","152","affection declaration","0","9"
"NDY-208","211","positive feedback","0","5"
"NDY-208","226","positive feedback","0","75"
"NDY-208","312","positive feedback","0","19"
"NDY-208","419","affection declaration","0","16"
"NDY-208","479","affection declaration","0","16"
"NDY-208","501","positive feedback","0","4"
"NDY-208","507","positive feedback","121","133"
"NDY-208","519","positive feedback","0","29"
"NDY-208","519","affection declaration","34","53"
"NDY-208","547","positive feedback","117","145"
"NDY-208","563","encouragement","0","44"
"NDY-208","678","affection declaration","0","21"
"NDY-208","689","affection declaration","0","10"
"NDY-208","690","positive feedback","0","13"
"NDY-208","694","affection declaration","0","14"
"NDY-208","712","affection declaration","0","14"
"NDY-208","722","positive feedback","12","35"
"NDY-208","732","positive feedback","0","33"
"NDY-208","732","positive feedback","34","67"
"NDY-208","817","positive feedback","0","30"
"NDY-208","883","encouragement","0","26"
"NDY-208","883","positive feedback","27","44"
"NDY-208","895","positive feedback","0","12"
"NDY-208","938","affection declaration","3","24"
"NDY-208","958","affection declaration","67","84"
"NDY-208","958","positive feedback","89","153"
"NDY-208","1203","positive feedback","0","40"
"NDY-208","1260","positive feedback","0","19"
"NDY-208","1302","positive feedback","0","41"
"NDY-208","1363","positive feedback","0","14"
"NDY-208","1363","affection declaration","15","40"
"NDY-208","1402","affection declaration","0","19"
"NDY-208","1435","positive feedback","0","67"
"NDY-208","1467","positive feedback","0","21"
"NDY-208","1467","affection declaration","22","41"
"NDY-208","1495","affection declaration","0","20"
"NDY-208","1507","positive feedback","0","15"
"NDY-208","1606","positive feedback","0","16"
"NDY-208","1644","agreement","0","25"
"NDY-208","1677","affection declaration","0","13"
"NDY-208","1977","compliment","0","29"
"NDY-208","2376","affection declaration","0","35"
"NDY-208","2376","affection declaration","36","64"
"NDY-208","2506","affection declaration","13","33"
"NDY-208","2508","positive feedback","303","350"
"NDY-208","2584","positive feedback","81","82"
"NDY-208","2648","affection declaration","14","44"
"NDY-208","2649","agreement","0","2"
"NDY-208","2657","positive feedback","0","31"
"NDY-208","2703","compliment","0","30"
"NDY-208","2711","positive feedback","0","4"
"NDY-208","2892","affection declaration","0","45"
"NDY-208","2896","affection declaration","0","39"
"NDY-208","2896","encouragement","40","55"
"NDY-208","2896","positive feedback","60","68"
"NDY-208","2898","positive feedback","53","54"
"NDY-208","3014","positive feedback","170","171"
"NDY-208","3091","positive feedback","120","122"
"NDY-208","3380","positive feedback","79","84"
"NDY-208","3492","affection declaration","0","9"
"NDY-208","3519","compliment","0","40"
"NDY-208","3519","positive feedback","41","75"
"NDY-208","3519","positive feedback","78","110"
"NDY-208","3583","affection declaration","0","14"
"NDY-208","3663","group membership","0","14"
"NDY-208","3663","compliment","15","60"
"NDY-208","3663","compliment","61","167"
"NDY-208","3663","affection declaration","168","197"
"NDY-208","3663","group membership","198","207"
"NDY-208","3663","group membership","208","219"
"NDY-208","3663","group membership","220","226"
"NDY-208","3682","encouragement","0","39"
"NDY-208","3682","positive feedback","151","152"
"NDY-208","3773","positive feedback","7","20"
"NDY-208","3773","affection declaration","21","60"
"NDY-208","3773","positive feedback","61","95"
"NDY-208","3773","positive feedback","200","207"
"NDY-208","3790","positive feedback","197","198"
"NDY-208","3790","affection declaration","199","223"
"NDY-208","4007","positive feedback","47","49"
"NDY-208","4125","affection declaration","104","154"
"NDY-208","4146","affection declaration","0","17"
"NDY-208","5349","positive feedback","0","32"
"NDY-208","5386","positive feedback","0","26"
"NDY-208","5386","positive feedback","76","77"
"NDY-208","5402","affection declaration","0","15"
"NDY-208","5428","positive feedback","0","12"
"NDY-208","5428","positive feedback","13","33"
"NDY-208","5520","compliment","0","27"
"NDY-208","5696","compliment","0","27"
"NDY-208","5793","positive feedback","413","441"
"NDY-208","5793","positive feedback","442","455"
"NDY-208","5872","positive feedback","20","27"
"NDY-208","5892","positive feedback","0","12"
"NDY-208","5977","positive feedback","0","22"
"NDY-208","6167","positive feedback","0","10"
"NDY-208","6972","positive feedback","28","29"
"NDY-208","7339","positive feedback","0","22"
"NDY-208","7622","positive feedback","0","9"
"NDY-208","7885","ambiguous","0","3"
"NDY-208","7951","positive feedback","32","33"
"NDY-208","8495","positive feedback","15","16"
"NDY-208","8530","affection declaration","14","37"
"NDY-208","8688","positive feedback","31","32"
"NDY-208","8688","affection declaration","33","46"
"NDY-208","9178","positive feedback","0","51"
"NDY-208","9261","positive feedback","0","22"
"NDY-208","9261","positive feedback","96","152"
"NDY-208","9798","positive feedback","91","92"
"NDY-208","9856","affection declaration","0","30"
"NDY-208","10112","positive feedback","35","36"
"NDY-208","10112","affection declaration","90","153"
"NDY-208","10188","affection declaration","49","60"
"NDY-208","11059","affection declaration","0","23"
"NDY-208","11197","positive feedback","28","31"
"NDY-208","11478","positive feedback","44","45"
"NDY-208","11894","affection declaration","0","23"
"NDY-208","12176","affection declaration","0","19"
"NDY-208","12269","affection declaration","58","91"
"NDY-208","12269","affection declaration","108","154"
"NDY-246","3","positive feedback","0","16"
"NDY-246","17","positive feedback","0","28"
"NDY-246","66","positive feedback","36","62"
"NDY-246","69","positive feedback","0","36"
"NDY-246","89","affection declaration","33","67"
"NDY-246","89","compliment","68","133"
"NDY-246","127","positive feedback","0","26"
"NDY-246","199","positive feedback","174","185"
"NDY-246","234","affection declaration","0","25"
"NDY-246","239","positive feedback","0","46"
"NDY-247","42","affection declaration","0","21"
"NDY-247","42","positive feedback","28","39"
"NDY-247","61","positive feedback","245","263"
"NDY-247","80","affection declaration","0","19"
"NDY-247","111","positive feedback","205","223"
"NDY-247","121","compliment","0","25"
"NDY-247","130","positive feedback","65","79"
"NDY-247","173","compliment","0","42"
"NDY-247","213","positive feedback","209","220"
"NDY-247","213","implicit","223","263"
"NDY-247","221","affection declaration","0","22"
"NDY-247","258","positive feedback","10","78"
"NDY-247","283","positive feedback","0","16"
"NDY-247","318","positive feedback","248","270"
"NDY-247","318","affection declaration","271","300"
"NDY-247","465","positive feedback","0","75"
"NDY-247","468","positive feedback","0","12"
"NDY-247","472","positive feedback","0","7"
"NDY-247","484","compliment","135","162"
"NDY-247","488","positive feedback","0","10"
"NDY-247","493","positive feedback","18","35"
"NDY-247","493","positive feedback","36","53"
"NDY-247","512","positive feedback","207","273"
"NDY-247","553","positive feedback","0","10"
"NDY-247","569","affection declaration","9","47"
"NDY-247","607","positive feedback","0","12"
"NDY-247","614","compliment","0","102"
"NDY-247","614","compliment","105","160"
"NDY-247","614","positive feedback","161","167"
"NDY-247","642","positive feedback","8","14"
"NDY-247","649","positive feedback","0","31"
"NDY-247","649","compliment","32","62"
"NDY-247","675","positive feedback","24","34"
"NDY-247","704","positive feedback","0","21"
"NDY-247","736","positive feedback","0","25"
"NDY-247","736","compliment","33","116"
"NDY-247","736","compliment","117","166"
"NDY-247","736","compliment","169","207"
"NDY-247","842","affection declaration","0","43"
"NDY-247","884","affection declaration","67","87"
"NDY-247","886","positive feedback","0","13"
"NDY-247","904","positive feedback","5","21"
"NDY-247","904","compliment","33","89"
"NDY-247","904","positive feedback","150","151"
"NDY-247","963","positive feedback","0","13"
"NDY-247","989","compliment","70","115"
"NDY-247","1011","affection declaration","8","27"
"NDY-247","1032","compliment","0","33"
"NDY-247","1049","positive feedback","0","35"
"NDY-247","1058","positive feedback","0","13"
"NDY-247","1058","positive feedback","52","91"
"NDY-247","1062","affection declaration","0","56"
"NDY-247","1062","affection declaration","57","95"
"NDY-247","1063","positive feedback","8","18"
"NDY-247","1063","affection declaration","19","91"
"NDY-247","1063","positive feedback","134","136"
"NDY-247","1080","affection declaration","249","278"
"NDY-247","1080","encouragement","281","299"
"NDY-247","1112","ambiguous","73","95"
"NDY-247","1190","compliment","0","95"
"NDY-247","1225","affection declaration","0","64"
"NDY-247","1225","positive feedback","65","136"
"NDY-247","1225","affection declaration","137","149"
"NDY-247","1296","positive feedback","0","9"
"NDY-247","1296","compliment","10","25"
"NDY-247","1300","affection declaration","0","77"
"NDY-247","1307","affection declaration","0","40"
"NDY-247","1322","affection declaration","0","23"
"NDY-247","1336","compliment","39","72"
"NDY-247","1336","affection declaration","129","199"
"NDY-247","1336","compliment","320","341"
"NDY-247","1336","affection declaration","417","441"
"NDY-247","1336","compliment","446","546"
"NDY-247","1336","affection declaration","551","579"
"NDY-247","1336","compliment","584","621"
"NDY-247","1492","compliment","0","65"
"NDY-250","2","positive feedback","0","7"
"NDY-250","54","compliment","44","82"
"NDY-250","72","compliment","36","88"
"NDY-250","81","compliment","0","93"
"NDY-250","103","compliment","0","31"
"NDY-250","116","compliment","0","52"
"NDY-250","179","compliment","0","30"
"NDY-250","232","compliment","0","32"
"NDY-250","264","compliment","0","64"
"NDY-250","428","positive feedback","0","20"
"NDY-250","442","compliment","22","62"
"NDY-250","512","positive feedback","144","169"
"NDY-250","525","ambiguous","0","24"
"NDY-250","589","compliment","130","187"
"NDY-250","589","positive feedback","192","234"
"NDY-250","628","compliment","0","43"
"NDY-250","633","compliment","0","32"
"NDY-250","635","gratitude","0","22"
"NDY-250","687","compliment","0","20"
"NDY-250","701","compliment","0","29"
"NDY-250","718","compliment","0","27"
"NDY-250","740","compliment","0","21"
"NDY-250","798","compliment","0","42"
"NDY-250","844","positive feedback","0","93"
"NDY-250","844","positive feedback","94","105"
"NDY-250","894","compliment","0","43"
"NDY-250","931","compliment","0","38"
"NDY-250","1082","compliment","0","63"
"NDY-250","1126","positive feedback","357","372"
"NDY-250","1126","positive feedback","428","432"
"NDY-250","1166","compliment","0","81"
"NDY-250","1209","compliment","0","43"
"NDY-250","1272","positive feedback","0","17"
"NDY-250","1272","positive feedback","18","30"
"NDY-250","1272","positive feedback","37","70"
"NDY-250","1288","compliment","0","62"
"NDY-250","1352","compliment","0","42"
"NDY-250","1374","compliment","0","17"
"NDY-250","1418","compliment","104","127"
"NDY-250","1429","compliment","0","47"
"NDY-250","1611","compliment","0","47"
"NDY-250","1623","positive feedback","0","20"
"NDY-250","1624","affection declaration","26","66"
"NDY-250","1624","positive feedback","76","77"
"NDY-250","1641","compliment","0","30"
"NDY-250","1898","compliment","0","46"
"NDY-250","1962","positive feedback","0","19"
"NDY-250","1962","affection declaration","218","277"
"NDY-250","1969","positive feedback","0","25"
"NDY-250","2013","compliment","0","53"
"NDY-250","2013","affection declaration","54","119"
"NDY-250","2016","agreement","0","5"
"NDY-250","2016","affection declaration","8","62"
"NDY-250","2016","affection declaration","63","101"
"NDY-250","2024","compliment","0","42"
"NDY-250","2025","compliment","0","43"
"NDY-250","2100","compliment","0","57"
"NDY-250","2132","positive feedback","0","52"
"NDY-250","2145","compliment","0","36"
"NDY-250","2189","positive feedback","0","5"
"NDY-250","2256","compliment","58","96"
"NDY-250","2259","compliment","0","31"
"NDY-250","2275","positive feedback","0","32"
"NDY-250","2304","compliment","0","37"
"NDY-250","2358","compliment","0","58"
"NDY-250","2363","compliment","0","40"
"NDY-250","2363","positive feedback","41","56"
"NDY-250","2420","compliment","0","44"
"NDY-250","2502","compliment","0","68"
"NDY-250","2642","positive feedback","0","42"
"NDY-250","2642","positive feedback","43","72"
"NDY-250","2642","affection declaration","73","107"
"NDY-250","2642","encouragement","108","175"
"NDY-250","2642","affection declaration","176","239"
"NDY-250","2695","affection declaration","0","33"
"NDY-250","2695","compliment","36","103"
"NDY-250","2695","affection declaration","104","115"
"NDY-250","2717","compliment","0","32"
"NDY-250","2717","compliment","33","74"
"NDY-250","2763","compliment","0","40"
"NDY-250","2801","encouragement","0","62"
"NDY-250","2801","compliment","63","93"
"NDY-252","8","compliment","0","37"
"NDY-252","30","positive feedback","52","82"
"NDY-252","48","compliment","0","44"
"NDY-252","51","positive feedback","0","11"
"NDY-252","51","compliment","37","67"
"NDY-252","62","compliment","0","39"
"NDY-252","66","positive feedback","0","18"
"NDY-252","104","positive feedback","0","17"
"NDY-252","104","positive feedback","20","85"
"NDY-252","109","positive feedback","0","14"
"NDY-252","109","positive feedback","19","36"
"NDY-252","124","positive feedback","0","16"
"NDY-252","127","positive feedback","0","37"
"NDY-252","127","positive feedback","38","67"
"NDY-252","144","positive feedback","0","35"
"NDY-252","144","gratitude","36","53"
"NDY-252","170","positive feedback","0","22"
"NDY-252","170","compliment","23","57"
"NDY-252","183","positive feedback","0","31"
"NDY-252","226","positive feedback","0","28"
"NDY-252","226","positive feedback","35","99"
"NDY-252","226","gratitude","133","155"
"NDY-252","230","positive feedback","0","13"
"NDY-252","230","positive feedback","14","67"
"NDY-252","236","compliment","53","79"
"NDY-252","242","positive feedback","0","96"
"NDY-252","242","positive feedback","99","211"
"NDY-252","252","positive feedback","0","31"
"NDY-252","252","positive feedback","32","51"
"NDY-252","252","positive feedback","52","120"
"NDY-252","252","gratitude","123","133"
"NDY-252","256","positive feedback","0","27"
"NDY-252","256","positive feedback","28","122"
"NDY-252","256","encouragement","125","141"
"NDY-252","287","positive feedback","0","24"
"NDY-252","287","affection declaration","29","61"
"NDY-252","289","compliment","0","40"
"NDY-252","289","positive feedback","41","53"
"NDY-252","329","positive feedback","0","41"
"NDY-252","336","positive feedback","0","19"
"NDY-252","336","encouragement","20","46"
"NDY-252","338","positive feedback","0","27"
"NDY-252","340","positive feedback","0","13"
"NDY-252","351","positive feedback","0","33"
"NDY-252","367","positive feedback","0","24"
"NDY-252","380","positive feedback","0","18"
"NDY-252","383","positive feedback","0","4"
"NDY-252","388","positive feedback","4","56"
"NDY-252","414","positive feedback","35","46"
"NDY-252","417","compliment","0","23"
"NDY-252","420","positive feedback","0","43"
"NDY-252","420","encouragement","44","113"
"NDY-252","426","positive feedback","0","71"
"NDY-252","426","encouragement","72","109"
"NDY-252","439","positive feedback","0","86"
"NDY-252","439","compliment","89","116"
"NDY-252","439","compliment","119","192"
"NDY-252","439","positive feedback","193","251"
"NDY-252","461","positive feedback","0","81"
"NDY-252","475","positive feedback","0","52"
"NDY-252","483","positive feedback","0","11"
"NDY-252","483","compliment","16","47"
"NDY-252","503","positive feedback","0","13"
"NDY-252","503","positive feedback","18","61"
"NDY-252","512","positive feedback","0","13"
"NDY-252","540","positive feedback","0","34"
"NDY-252","540","positive feedback","70","124"
"NDY-252","541","positive feedback","0","22"
"NDY-252","541","encouragement","23","96"
"NDY-252","541","compliment","97","170"
"NDY-252","556","positive feedback","0","16"
"NDY-252","558","positive feedback","0","12"
"NDY-252","558","positive feedback","17","29"
"NDY-252","558","positive feedback","30","80"
"NDY-252","563","positive feedback","0","58"
"NDY-252","563","compliment","70","117"
"NDY-252","563","positive feedback","161","164"
"NDY-252","580","compliment","0","22"
"NDY-252","580","compliment","23","74"
"NDY-252","613","positive feedback","0","15"
"NDY-252","613","positive feedback","16","55"
"NDY-252","617","positive feedback","0","15"
"NDY-252","617","encouragement","16","39"
"NDY-252","632","positive feedback","0","80"
"NDY-252","642","positive feedback","0","12"
"NDY-252","642","positive feedback","13","30"
"NDY-252","668","gratitude","0","26"
"NDY-252","668","positive feedback","27","43"
"NDY-252","668","positive feedback","44","85"
"NDY-252","669","positive feedback","0","18"
"NDY-252","669","gratitude","21","36"
"NDY-252","690","positive feedback","0","12"
"NDY-252","690","positive feedback","17","87"
"NDY-252","695","compliment","0","68"
"NDY-252","695","encouragement","71","171"
"NDY-252","731","compliment","0","44"
"NDY-252","731","positive feedback","45","181"
"NDY-252","731","compliment","186","222"
"NDY-252","739","affection declaration","0","19"
"NDY-252","768","positive feedback","0","8"
"NDY-252","773","positive feedback","0","39"
"NDY-252","791","positive feedback","0","66"
"NDY-252","806","positive feedback","0","51"
"NDY-252","806","compliment","120","194"
"NDY-252","808","compliment","0","30"
"NDY-252","811","positive feedback","0","30"
"NDY-252","811","positive feedback","31","114"
"NDY-252","811","positive feedback","115","128"
"NDY-252","811","positive feedback","140","142"
"NDY-252","839","positive feedback","0","42"
"NDY-252","839","compliment","43","115"
"NDY-252","839","positive feedback","116","198"
"NDY-252","839","positive feedback","213","214"
"NDY-252","844","positive feedback","0","22"
"NDY-252","845","positive feedback","0","61"
"NDY-252","845","compliment","62","97"
"NDY-252","855","positive feedback","50","142"
"NDY-252","864","positive feedback","0","30"
"NDY-252","869","positive feedback","0","39"
"NDY-252","869","compliment","44","107"
"NDY-252","869","positive feedback","110","158"
"NDY-252","869","gratitude","159","202"
"NDY-252","873","positive feedback","0","15"
"NDY-252","873","positive feedback","16","128"
"NDY-252","875","positive feedback","14","46"
"NDY-252","875","positive feedback","47","125"
"NDY-252","875","gratitude","126","257"
"NDY-252","881","compliment","0","13"
"NDY-252","881","positive feedback","18","35"
"NDY-252","881","positive feedback","36","69"
"NDY-252","881","gratitude","70","117"
"NDY-252","888","positive feedback","0","12"
"NDY-252","888","positive feedback","17","31"
"NDY-252","888","affection declaration","32","63"
"NDY-252","889","positive feedback","0","73"
"NDY-252","895","positive feedback","0","13"
"NDY-252","895","positive feedback","16","30"
"NDY-252","900","positive feedback","0","12"
"NDY-252","943","positive feedback","0","40"
"NDY-252","943","gratitude","41","55"
"NDY-252","956","positive feedback","0","46"
"NDY-252","964","positive feedback","0","69"
"NDY-252","964","positive feedback","70","120"
"NDY-252","968","positive feedback","0","35"
"NDY-252","980","positive feedback","0","27"
"NDY-252","980","compliment","91","118"
"NDY-252","987","positive feedback","0","14"
"NDY-252","987","positive feedback","15","97"
"NDY-274","2","positive feedback","0","42"
"NDY-274","13","affection declaration","0","20"
"NDY-274","13","affection declaration","21","40"
"NDY-274","53","compliment","0","19"
"NDY-274","53","affection declaration","24","44"
"NDY-274","84","positive feedback","3","52"
"NDY-274","84","encouragement","57","107"
"NDY-274","92","positive feedback","106","144"
"NDY-274","107","positive feedback","0","24"
"NDY-274","107","encouragement","25","45"
"NDY-274","152","positive feedback","0","31"
"NDY-274","154","compliment","0","20"
"NDY-274","154","positive feedback","24","51"
"NDY-274","170","positive feedback","0","27"
"NDY-274","170","compliment","30","72"
"NDY-274","172","positive feedback","0","30"
"NDY-274","172","encouragement","31","65"
"NDY-274","185","positive feedback","132","178"
"NDY-274","185","positive feedback","203","223"
"NDY-274","185","encouragement","226","328"
"NDY-274","203","positive feedback","0","30"
"NDY-274","221","positive feedback","0","34"
"NDY-274","221","compliment","249","278"
"NDY-274","221","encouragement","283","318"
"NDY-274","247","positive feedback","0","28"
"NDY-274","247","affection declaration","29","57"
"NDY-274","247","encouragement","58","124"
"NDY-274","252","positive feedback","0","27"
"NDY-274","256","positive feedback","0","20"
"NDY-274","263","ambiguous","31","94"
"NDY-274","268","compliment","0","19"
"NDY-274","268","group membership","24","79"
"NDY-274","276","affection declaration","0","36"
"NDY-274","276","compliment","99","125"
"NDY-274","287","compliment","0","50"
"NDY-274","288","affection declaration","280","326"
"NDY-274","288","positive feedback","453","468"
"NDY-274","288","positive feedback","469","483"
"NDY-285","5","positive feedback","0","27"
"NDY-285","40","positive feedback","0","20"
"NDY-285","41","compliment","59","74"
"NDY-285","41","compliment","79","120"
"NDY-285","41","encouragement","125","143"
"NDY-285","50","sympathy","0","15"
"NDY-285","50","compliment","16","40"
"NDY-285","57","sympathy","0","37"
"NDY-285","87","sympathy","0","9"
"NDY-285","89","compliment","0","36"
"NDY-285","105","compliment","0","34"
"NDY-285","105","positive feedback","186","236"
"NDY-285","148","positive feedback","0","25"
"NDY-285","152","positive feedback","0","16"
"NDY-285","164","sympathy","0","82"
